id,side,entered_bed_at,left_bed_at,sleep_duration_seconds,times_exited_bed,present_intervals,not_present_intervals,created_at
110,right,1777516988,1777523313,6325,28,"[[1777516988.0, 1777516989.0], [1777516995.0, 1777522153.0], [1777522251.0, 1777522257.0], [1777522262.0, 1777522267.0], [1777522274.0, 1777522275.0], [1777522275.0, 1777522281.0], [1777522286.0, 1777522298.0], [1777522299.0, 1777522299.0], [1777522304.0, 1777522304.0], [1777522305.0, 1777522307.0], [1777522307.0, 1777522308.0], [1777522330.0, 1777522330.0], [1777522331.0, 1777522332.0], [1777522334.0, 1777522335.0], [1777522335.0, 1777522336.0], [1777522337.0, 1777522339.0], [1777522340.0, 1777522341.0], [1777522341.0, 1777522342.0], [1777522342.0, 1777522355.0], [1777522356.0, 1777522356.0], [1777522357.0, 1777522397.0], [1777522398.0, 1777522416.0], [1777522417.0, 1777522745.0], [1777522746.0, 1777522862.0], [1777522862.0, 1777522863.0], [1777522863.0, 1777522893.0], [1777522893.0, 1777523309.0], [1777523309.0, 1777523313.0]]","[[1777516989.0, 1777516995.0], [1777522153.0, 1777522251.0], [1777522257.0, 1777522262.0], [1777522267.0, 1777522274.0], [1777522275.0, 1777522275.0], [1777522281.0, 1777522286.0], [1777522298.0, 1777522299.0], [1777522299.0, 1777522304.0], [1777522304.0, 1777522305.0], [1777522307.0, 1777522307.0], [1777522308.0, 1777522330.0], [1777522330.0, 1777522331.0], [1777522332.0, 1777522334.0], [1777522335.0, 1777522335.0], [1777522336.0, 1777522337.0], [1777522339.0, 1777522340.0], [1777522341.0, 1777522341.0], [1777522342.0, 1777522342.0], [1777522355.0, 1777522356.0], [1777522356.0, 1777522357.0], [1777522397.0, 1777522398.0], [1777522416.0, 1777522417.0], [1777522745.0, 1777522746.0], [1777522862.0, 1777522862.0], [1777522863.0, 1777522863.0], [1777522893.0, 1777522893.0], [1777523309.0, 1777523309.0]]",1777523435
111,left,1777516997,1777539566,22569,185,"[[1777516997.0, 1777517001.0], [1777517029.0, 1777517029.0], [1777517030.0, 1777517031.0], [1777517035.0, 1777517038.0], [1777517042.0, 1777517054.0], [1777517054.0, 1777517057.0], [1777517058.0, 1777517060.0], [1777517060.0, 1777517063.0], [1777517063.0, 1777517065.0], [1777517065.0, 1777517067.0], [1777517068.0, 1777523312.0], [1777523312.0, 1777523313.0], [1777523314.0, 1777523521.0], [1777523522.0, 1777523523.0], [1777523525.0, 1777523528.0], [1777523528.0, 1777523531.0], [1777523532.0, 1777523533.0], [1777523534.0, 1777523535.0], [1777523536.0, 1777523536.0], [1777523537.0, 1777523538.0], [1777523539.0, 1777523542.0], [1777523546.0, 1777523549.0], [1777523553.0, 1777523553.0], [1777523557.0, 1777523727.0], [1777523728.0, 1777523729.0], [1777523730.0, 1777523835.0], [1777523836.0, 1777524570.0], [1777524570.0, 1777526161.0], [1777526163.0, 1777529860.0], [1777529861.0, 1777534496.0], [1777534497.0, 1777534500.0], [1777534502.0, 1777534502.0], [1777534503.0, 1777534509.0], [1777534509.0, 1777534511.0], [1777534513.0, 1777534514.0], [1777534516.0, 1777534517.0], [1777534518.0, 1777534520.0], [1777534520.0, 1777534529.0], [1777534529.0, 1777534539.0], [1777534540.0, 1777534542.0], [1777534543.0, 1777534546.0], [1777534546.0, 1777534554.0], [1777534556.0, 1777534558.0], [1777534559.0, 1777534560.0], [1777534564.0, 1777534565.0], [1777534566.0, 1777534567.0], [1777534567.0, 1777534568.0], [1777534570.0, 1777534573.0], [1777534574.0, 1777534574.0], [1777534575.0, 1777534576.0], [1777534576.0, 1777534577.0], [1777534578.0, 1777534580.0], [1777534581.0, 1777534582.0], [1777534583.0, 1777534583.0], [1777534584.0, 1777534587.0], [1777534588.0, 1777534588.0], [1777534589.0, 1777534590.0], [1777534591.0, 1777534591.0], [1777534593.0, 1777534594.0], [1777534594.0, 1777534596.0], [1777534597.0, 1777534598.0], [1777534600.0, 1777534601.0], [1777534603.0, 1777534604.0], [1777534605.0, 1777534606.0], [1777534607.0, 1777534608.0], [1777534610.0, 1777534612.0], [1777534613.0, 1777534613.0], [1777534614.0, 1777534615.0], [1777534615.0, 1777534616.0], [1777534618.0, 1777534618.0], [1777534619.0, 1777534622.0], [1777534623.0, 1777534624.0], [1777534624.0, 1777534625.0], [1777534626.0, 1777534627.0], [1777534628.0, 1777534628.0], [1777534629.0, 1777534630.0], [1777534631.0, 1777534632.0], [1777534633.0, 1777534634.0], [1777534636.0, 1777534637.0], [1777534637.0, 1777534638.0], [1777534639.0, 1777534640.0], [1777534641.0, 1777534642.0], [1777534643.0, 1777534643.0], [1777534645.0, 1777534646.0], [1777534647.0, 1777534648.0], [1777534649.0, 1777534651.0], [1777534653.0, 1777534655.0], [1777534656.0, 1777534657.0], [1777534658.0, 1777534661.0], [1777534664.0, 1777534664.0], [1777534665.0, 1777534666.0], [1777534669.0, 1777534670.0], [1777534671.0, 1777534672.0], [1777534678.0, 1777534679.0], [1777534682.0, 1777534683.0], [1777534684.0, 1777534684.0], [1777534687.0, 1777534687.0], [1777534692.0, 1777534696.0], [1777534696.0, 1777534697.0], [1777534698.0, 1777534699.0], [1777534700.0, 1777534701.0], [1777534703.0, 1777534703.0], [1777534704.0, 1777534705.0], [1777534705.0, 1777534706.0], [1777534709.0, 1777534711.0], [1777534712.0, 1777534713.0], [1777534713.0, 1777534715.0], [1777534716.0, 1777534717.0], [1777534719.0, 1777534721.0], [1777534721.0, 1777534723.0], [1777534724.0, 1777534725.0], [1777534726.0, 1777534727.0], [1777534728.0, 1777534729.0], [1777534730.0, 1777534732.0], [1777534732.0, 1777534733.0], [1777534734.0, 1777534735.0], [1777534737.0, 1777534737.0], [1777534738.0, 1777534739.0], [1777534740.0, 1777534742.0], [1777534744.0, 1777534745.0], [1777534745.0, 1777534746.0], [1777534747.0, 1777534747.0], [1777534750.0, 1777534751.0], [1777534753.0, 1777534755.0], [1777534755.0, 1777534757.0], [1777534758.0, 1777534759.0], [1777534761.0, 1777534762.0], [1777534763.0, 1777534763.0], [1777534764.0, 1777534765.0], [1777534766.0, 1777534767.0], [1777534767.0, 1777534768.0], [1777534770.0, 1777534771.0], [1777534772.0, 1777534773.0], [1777534774.0, 1777534774.0], [1777534775.0, 1777534776.0], [1777534777.0, 1777534778.0], [1777534779.0, 1777534779.0], [1777534780.0, 1777534782.0], [1777534782.0, 1777534785.0], [1777534789.0, 1777534789.0], [1777534790.0, 1777534791.0], [1777534793.0, 1777534794.0], [1777534794.0, 1777534796.0], [1777534796.0, 1777534801.0], [1777534802.0, 1777534803.0], [1777534804.0, 1777534806.0], [1777534808.0, 1777534810.0], [1777534812.0, 1777534813.0], [1777534814.0, 1777534819.0], [1777534820.0, 1777534820.0], [1777534821.0, 1777534826.0], [1777534826.0, 1777534827.0], [1777534828.0, 1777534829.0], [1777534830.0, 1777534832.0], [1777534833.0, 1777534836.0], [1777534837.0, 1777534839.0], [1777534840.0, 1777534843.0], [1777534844.0, 1777534852.0], [1777534853.0, 1777534853.0], [1777534854.0, 1777534858.0], [1777534859.0, 1777534859.0], [1777534860.0, 1777534864.0], [1777534864.0, 1777534866.0], [1777534866.0, 1777536723.0], [1777536723.0, 1777536724.0], [1777536730.0, 1777536736.0], [1777536739.0, 1777536745.0], [1777536748.0, 1777536751.0], [1777536751.0, 1777536777.0], [1777536778.0, 1777536782.0], [1777536782.0, 1777536785.0], [1777536785.0, 1777536801.0], [1777536802.0, 1777536802.0], [1777536803.0, 1777536805.0], [1777536805.0, 1777536810.0], [1777536811.0, 1777536814.0], [1777536815.0, 1777536820.0], [1777536821.0, 1777536829.0], [1777536829.0, 1777536838.0], [1777536838.0, 1777536849.0], [1777536849.0, 1777536855.0], [1777536856.0, 1777536857.0], [1777536858.0, 1777536861.0], [1777536862.0, 1777539555.0], [1777539565.0, 1777539566.0]]","[[1777517001.0, 1777517029.0], [1777517029.0, 1777517030.0], [1777517031.0, 1777517035.0], [1777517038.0, 1777517042.0], [1777517054.0, 1777517054.0], [1777517057.0, 1777517058.0], [1777517060.0, 1777517060.0], [1777517063.0, 1777517063.0], [1777517065.0, 1777517065.0], [1777517067.0, 1777517068.0], [1777523312.0, 1777523312.0], [1777523313.0, 1777523314.0], [1777523521.0, 1777523522.0], [1777523523.0, 1777523525.0], [1777523528.0, 1777523528.0], [1777523531.0, 1777523532.0], [1777523533.0, 1777523534.0], [1777523535.0, 1777523536.0], [1777523536.0, 1777523537.0], [1777523538.0, 1777523539.0], [1777523542.0, 1777523546.0], [1777523549.0, 1777523553.0], [1777523553.0, 1777523557.0], [1777523727.0, 1777523728.0], [1777523729.0, 1777523730.0], [1777523835.0, 1777523836.0], [1777524570.0, 1777524570.0], [1777526161.0, 1777526163.0], [1777529860.0, 1777529861.0], [1777534496.0, 1777534497.0], [1777534500.0, 1777534502.0], [1777534502.0, 1777534503.0], [1777534509.0, 1777534509.0], [1777534511.0, 1777534513.0], [1777534514.0, 1777534516.0], [1777534517.0, 1777534518.0], [1777534520.0, 1777534520.0], [1777534529.0, 1777534529.0], [1777534539.0, 1777534540.0], [1777534542.0, 1777534543.0], [1777534546.0, 1777534546.0], [1777534554.0, 1777534556.0], [1777534558.0, 1777534559.0], [1777534560.0, 1777534564.0], [1777534565.0, 1777534566.0], [1777534567.0, 1777534567.0], [1777534568.0, 1777534570.0], [1777534573.0, 1777534574.0], [1777534574.0, 1777534575.0], [1777534576.0, 1777534576.0], [1777534577.0, 1777534578.0], [1777534580.0, 1777534581.0], [1777534582.0, 1777534583.0], [1777534583.0, 1777534584.0], [1777534587.0, 1777534588.0], [1777534588.0, 1777534589.0], [1777534590.0, 1777534591.0], [1777534591.0, 1777534593.0], [1777534594.0, 1777534594.0], [1777534596.0, 1777534597.0], [1777534598.0, 1777534600.0], [1777534601.0, 1777534603.0], [1777534604.0, 1777534605.0], [1777534606.0, 1777534607.0], [1777534608.0, 1777534610.0], [1777534612.0, 1777534613.0], [1777534613.0, 1777534614.0], [1777534615.0, 1777534615.0], [1777534616.0, 1777534618.0], [1777534618.0, 1777534619.0], [1777534622.0, 1777534623.0], [1777534624.0, 1777534624.0], [1777534625.0, 1777534626.0], [1777534627.0, 1777534628.0], [1777534628.0, 1777534629.0], [1777534630.0, 1777534631.0], [1777534632.0, 1777534633.0], [1777534634.0, 1777534636.0], [1777534637.0, 1777534637.0], [1777534638.0, 1777534639.0], [1777534640.0, 1777534641.0], [1777534642.0, 1777534643.0], [1777534643.0, 1777534645.0], [1777534646.0, 1777534647.0], [1777534648.0, 1777534649.0], [1777534651.0, 1777534653.0], [1777534655.0, 1777534656.0], [1777534657.0, 1777534658.0], [1777534661.0, 1777534664.0], [1777534664.0, 1777534665.0], [1777534666.0, 1777534669.0], [1777534670.0, 1777534671.0], [1777534672.0, 1777534678.0], [1777534679.0, 1777534682.0], [1777534683.0, 1777534684.0], [1777534684.0, 1777534687.0], [1777534687.0, 1777534692.0], [1777534696.0, 1777534696.0], [1777534697.0, 1777534698.0], [1777534699.0, 1777534700.0], [1777534701.0, 1777534703.0], [1777534703.0, 1777534704.0], [1777534705.0, 1777534705.0], [1777534706.0, 1777534709.0], [1777534711.0, 1777534712.0], [1777534713.0, 1777534713.0], [1777534715.0, 1777534716.0], [1777534717.0, 1777534719.0], [1777534721.0, 1777534721.0], [1777534723.0, 1777534724.0], [1777534725.0, 1777534726.0], [1777534727.0, 1777534728.0], [1777534729.0, 1777534730.0], [1777534732.0, 1777534732.0], [1777534733.0, 1777534734.0], [1777534735.0, 1777534737.0], [1777534737.0, 1777534738.0], [1777534739.0, 1777534740.0], [1777534742.0, 1777534744.0], [1777534745.0, 1777534745.0], [1777534746.0, 1777534747.0], [1777534747.0, 1777534750.0], [1777534751.0, 1777534753.0], [1777534755.0, 1777534755.0], [1777534757.0, 1777534758.0], [1777534759.0, 1777534761.0], [1777534762.0, 1777534763.0], [1777534763.0, 1777534764.0], [1777534765.0, 1777534766.0], [1777534767.0, 1777534767.0], [1777534768.0, 1777534770.0], [1777534771.0, 1777534772.0], [1777534773.0, 1777534774.0], [1777534774.0, 1777534775.0], [1777534776.0, 1777534777.0], [1777534778.0, 1777534779.0], [1777534779.0, 1777534780.0], [1777534782.0, 1777534782.0], [1777534785.0, 1777534789.0], [1777534789.0, 1777534790.0], [1777534791.0, 1777534793.0], [1777534794.0, 1777534794.0], [1777534796.0, 1777534796.0], [1777534801.0, 1777534802.0], [1777534803.0, 1777534804.0], [1777534806.0, 1777534808.0], [1777534810.0, 1777534812.0], [1777534813.0, 1777534814.0], [1777534819.0, 1777534820.0], [1777534820.0, 1777534821.0], [1777534826.0, 1777534826.0], [1777534827.0, 1777534828.0], [1777534829.0, 1777534830.0], [1777534832.0, 1777534833.0], [1777534836.0, 1777534837.0], [1777534839.0, 1777534840.0], [1777534843.0, 1777534844.0], [1777534852.0, 1777534853.0], [1777534853.0, 1777534854.0], [1777534858.0, 1777534859.0], [1777534859.0, 1777534860.0], [1777534864.0, 1777534864.0], [1777534866.0, 1777534866.0], [1777536723.0, 1777536723.0], [1777536724.0, 1777536730.0], [1777536736.0, 1777536739.0], [1777536745.0, 1777536748.0], [1777536751.0, 1777536751.0], [1777536777.0, 1777536778.0], [1777536782.0, 1777536782.0], [1777536785.0, 1777536785.0], [1777536801.0, 1777536802.0], [1777536802.0, 1777536803.0], [1777536805.0, 1777536805.0], [1777536810.0, 1777536811.0], [1777536814.0, 1777536815.0], [1777536820.0, 1777536821.0], [1777536829.0, 1777536829.0], [1777536838.0, 1777536838.0], [1777536849.0, 1777536849.0], [1777536855.0, 1777536856.0], [1777536857.0, 1777536858.0], [1777536861.0, 1777536862.0], [1777539555.0, 1777539565.0]]",1777539687
112,left,1777541628,1777546557,4929,3,"[[1777541628.0, 1777541629.0], [1777541643.0, 1777542249.0], [1777542251.0, 1777546557.0]]","[[1777541629.0, 1777541643.0], [1777542249.0, 1777542251.0]]",1777546679
113,left,1777547254,1777548644,1390,7,"[[1777547254.0, 1777547868.0], [1777547878.0, 1777547879.0], [1777547880.0, 1777547882.0], [1777547884.0, 1777547886.0], [1777547887.0, 1777548635.0], [1777548635.0, 1777548636.0], [1777548644.0, 1777548644.0]]","[[1777547868.0, 1777547878.0], [1777547879.0, 1777547880.0], [1777547882.0, 1777547884.0], [1777547886.0, 1777547887.0], [1777548635.0, 1777548635.0], [1777548636.0, 1777548644.0]]",1777548766
114,left,1777549663,1777550362,699,5,"[[1777549663.0, 1777549664.0], [1777549665.0, 1777550317.0], [1777550319.0, 1777550329.0], [1777550338.0, 1777550338.0], [1777550358.0, 1777550362.0]]","[[1777549664.0, 1777549665.0], [1777550317.0, 1777550319.0], [1777550329.0, 1777550338.0], [1777550338.0, 1777550358.0]]",1777550483
115,left,1777552588,1777552940,352,16,"[[1777552588.0, 1777552588.0], [1777552590.0, 1777552591.0], [1777552644.0, 1777552646.0], [1777552646.0, 1777552734.0], [1777552735.0, 1777552741.0], [1777552741.0, 1777552802.0], [1777552803.0, 1777552816.0], [1777552817.0, 1777552832.0], [1777552835.0, 1777552836.0], [1777552837.0, 1777552838.0], [1777552840.0, 1777552841.0], [1777552841.0, 1777552842.0], [1777552850.0, 1777552850.0], [1777552851.0, 1777552851.0], [1777552914.0, 1777552915.0], [1777552940.0, 1777552940.0]]","[[1777552588.0, 1777552590.0], [1777552591.0, 1777552644.0], [1777552646.0, 1777552646.0], [1777552734.0, 1777552735.0], [1777552741.0, 1777552741.0], [1777552802.0, 1777552803.0], [1777552816.0, 1777552817.0], [1777552832.0, 1777552835.0], [1777552836.0, 1777552837.0], [1777552838.0, 1777552840.0], [1777552841.0, 1777552841.0], [1777552842.0, 1777552850.0], [1777552850.0, 1777552851.0], [1777552851.0, 1777552914.0], [1777552915.0, 1777552940.0]]",1777553062
116,right,1777523544,1777556287,32743,4,"[[1777523544.0, 1777552585.0], [1777552586.0, 1777552603.0], [1777552605.0, 1777553328.0], [1777553329.0, 1777556287.0]]","[[1777552585.0, 1777552586.0], [1777552603.0, 1777552605.0], [1777553328.0, 1777553329.0]]",1777556410
117,left,1777609571,1777620806,11235,20,"[[1777609571.0, 1777609573.0], [1777609574.0, 1777609575.0], [1777609576.0, 1777609591.0], [1777609591.0, 1777609597.0], [1777609610.0, 1777609612.0], [1777609614.0, 1777609614.0], [1777609617.0, 1777609617.0], [1777609618.0, 1777609622.0], [1777609623.0, 1777609623.0], [1777609624.0, 1777609626.0], [1777609632.0, 1777609636.0], [1777609641.0, 1777609673.0], [1777609674.0, 1777609733.0], [1777609745.0, 1777609746.0], [1777609747.0, 1777609763.0], [1777609766.0, 1777609864.0], [1777609867.0, 1777609867.0], [1777609868.0, 1777609869.0], [1777609871.0, 1777609873.0], [1777609873.0, 1777620806.0]]","[[1777609573.0, 1777609574.0], [1777609575.0, 1777609576.0], [1777609591.0, 1777609591.0], [1777609597.0, 1777609610.0], [1777609612.0, 1777609614.0], [1777609614.0, 1777609617.0], [1777609617.0, 1777609618.0], [1777609622.0, 1777609623.0], [1777609623.0, 1777609624.0], [1777609626.0, 1777609632.0], [1777609636.0, 1777609641.0], [1777609673.0, 1777609674.0], [1777609733.0, 1777609745.0], [1777609746.0, 1777609747.0], [1777609763.0, 1777609766.0], [1777609864.0, 1777609867.0], [1777609867.0, 1777609868.0], [1777609869.0, 1777609871.0], [1777609873.0, 1777609873.0]]",1777620926
118,left,1777621648,1777626730,5082,12,"[[1777621648.0, 1777621669.0], [1777621670.0, 1777621670.0], [1777621678.0, 1777621679.0], [1777621681.0, 1777623408.0], [1777623410.0, 1777623411.0], [1777623419.0, 1777623420.0], [1777623421.0, 1777623863.0], [1777623866.0, 1777623871.0], [1777623871.0, 1777626673.0], [1777626678.0, 1777626721.0], [1777626721.0, 1777626726.0], [1777626730.0, 1777626730.0]]","[[1777621669.0, 1777621670.0], [1777621670.0, 1777621678.0], [1777621679.0, 1777621681.0], [1777623408.0, 1777623410.0], [1777623411.0, 1777623419.0], [1777623420.0, 1777623421.0], [1777623863.0, 1777623866.0], [1777623871.0, 1777623871.0], [1777626673.0, 1777626678.0], [1777626721.0, 1777626721.0], [1777626726.0, 1777626730.0]]",1777626852
119,left,1777626932,1777628794,1862,8,"[[1777626932.0, 1777626934.0], [1777626936.0, 1777627797.0], [1777627798.0, 1777627799.0], [1777627800.0, 1777627801.0], [1777627801.0, 1777627805.0], [1777627809.0, 1777627817.0], [1777627823.0, 1777628778.0], [1777628793.0, 1777628794.0]]","[[1777626934.0, 1777626936.0], [1777627797.0, 1777627798.0], [1777627799.0, 1777627800.0], [1777627801.0, 1777627801.0], [1777627805.0, 1777627809.0], [1777627817.0, 1777627823.0], [1777628778.0, 1777628793.0]]",1777628915
120,left,1777629133,1777632973,3840,16,"[[1777629133.0, 1777629378.0], [1777629378.0, 1777629583.0], [1777629591.0, 1777629591.0], [1777629592.0, 1777632200.0], [1777632202.0, 1777632203.0], [1777632203.0, 1777632207.0], [1777632208.0, 1777632209.0], [1777632212.0, 1777632213.0], [1777632214.0, 1777632215.0], [1777632217.0, 1777632405.0], [1777632406.0, 1777632407.0], [1777632409.0, 1777632410.0], [1777632412.0, 1777632412.0], [1777632413.0, 1777632959.0], [1777632966.0, 1777632967.0], [1777632973.0, 1777632973.0]]","[[1777629378.0, 1777629378.0], [1777629583.0, 1777629591.0], [1777629591.0, 1777629592.0], [1777632200.0, 1777632202.0], [1777632203.0, 1777632203.0], [1777632207.0, 1777632208.0], [1777632209.0, 1777632212.0], [1777632213.0, 1777632214.0], [1777632215.0, 1777632217.0], [1777632405.0, 1777632406.0], [1777632407.0, 1777632409.0], [1777632410.0, 1777632412.0], [1777632412.0, 1777632413.0], [1777632959.0, 1777632966.0], [1777632967.0, 1777632973.0]]",1777633095
121,left,1777633489,1777635048,1559,5,"[[1777633489.0, 1777633492.0], [1777633493.0, 1777633494.0], [1777633500.0, 1777633501.0], [1777633502.0, 1777635040.0], [1777635046.0, 1777635048.0]]","[[1777633492.0, 1777633493.0], [1777633494.0, 1777633500.0], [1777633501.0, 1777633502.0], [1777635040.0, 1777635046.0]]",1777635170
122,right,1777609560,1777636224,26664,31,"[[1777609560.0, 1777636118.0], [1777636119.0, 1777636137.0], [1777636138.0, 1777636141.0], [1777636141.0, 1777636145.0], [1777636146.0, 1777636148.0], [1777636149.0, 1777636149.0], [1777636150.0, 1777636152.0], [1777636154.0, 1777636154.0], [1777636155.0, 1777636157.0], [1777636158.0, 1777636158.0], [1777636160.0, 1777636161.0], [1777636162.0, 1777636163.0], [1777636164.0, 1777636165.0], [1777636167.0, 1777636169.0], [1777636169.0, 1777636170.0], [1777636172.0, 1777636172.0], [1777636174.0, 1777636175.0], [1777636176.0, 1777636178.0], [1777636179.0, 1777636179.0], [1777636180.0, 1777636181.0], [1777636182.0, 1777636183.0], [1777636184.0, 1777636185.0], [1777636191.0, 1777636192.0], [1777636194.0, 1777636195.0], [1777636197.0, 1777636197.0], [1777636200.0, 1777636200.0], [1777636202.0, 1777636202.0], [1777636203.0, 1777636204.0], [1777636215.0, 1777636215.0], [1777636216.0, 1777636217.0], [1777636223.0, 1777636224.0]]","[[1777636118.0, 1777636119.0], [1777636137.0, 1777636138.0], [1777636141.0, 1777636141.0], [1777636145.0, 1777636146.0], [1777636148.0, 1777636149.0], [1777636149.0, 1777636150.0], [1777636152.0, 1777636154.0], [1777636154.0, 1777636155.0], [1777636157.0, 1777636158.0], [1777636158.0, 1777636160.0], [1777636161.0, 1777636162.0], [1777636163.0, 1777636164.0], [1777636165.0, 1777636167.0], [1777636169.0, 1777636169.0], [1777636170.0, 1777636172.0], [1777636172.0, 1777636174.0], [1777636175.0, 1777636176.0], [1777636178.0, 1777636179.0], [1777636179.0, 1777636180.0], [1777636181.0, 1777636182.0], [1777636183.0, 1777636184.0], [1777636185.0, 1777636191.0], [1777636192.0, 1777636194.0], [1777636195.0, 1777636197.0], [1777636197.0, 1777636200.0], [1777636200.0, 1777636202.0], [1777636202.0, 1777636203.0], [1777636204.0, 1777636215.0], [1777636215.0, 1777636216.0], [1777636217.0, 1777636223.0]]",1777636345
123,left,1777697908,1777728428,30520,2,"[[1777697908.0, 1777697909.0], [1777697910.0, 1777728428.0]]","[[1777697909.0, 1777697910.0]]",1777728549
124,right,1777697905,1777729609,31704,101,"[[1777697905.0, 1777706890.0], [1777706890.0, 1777720350.0], [1777720353.0, 1777720878.0], [1777720878.0, 1777721363.0], [1777721364.0, 1777722813.0], [1777722813.0, 1777728406.0], [1777728413.0, 1777728414.0], [1777728419.0, 1777729031.0], [1777729032.0, 1777729052.0], [1777729052.0, 1777729081.0], [1777729081.0, 1777729091.0], [1777729091.0, 1777729096.0], [1777729096.0, 1777729098.0], [1777729099.0, 1777729103.0], [1777729104.0, 1777729106.0], [1777729108.0, 1777729111.0], [1777729111.0, 1777729112.0], [1777729113.0, 1777729113.0], [1777729114.0, 1777729114.0], [1777729116.0, 1777729119.0], [1777729119.0, 1777729120.0], [1777729121.0, 1777729124.0], [1777729124.0, 1777729125.0], [1777729126.0, 1777729128.0], [1777729129.0, 1777729135.0], [1777729135.0, 1777729138.0], [1777729138.0, 1777729139.0], [1777729139.0, 1777729140.0], [1777729141.0, 1777729142.0], [1777729143.0, 1777729144.0], [1777729144.0, 1777729147.0], [1777729148.0, 1777729149.0], [1777729149.0, 1777729165.0], [1777729166.0, 1777729171.0], [1777729172.0, 1777729175.0], [1777729176.0, 1777729178.0], [1777729179.0, 1777729180.0], [1777729181.0, 1777729182.0], [1777729183.0, 1777729185.0], [1777729185.0, 1777729186.0], [1777729187.0, 1777729187.0], [1777729188.0, 1777729201.0], [1777729202.0, 1777729207.0], [1777729207.0, 1777729216.0], [1777729217.0, 1777729217.0], [1777729218.0, 1777729219.0], [1777729220.0, 1777729220.0], [1777729221.0, 1777729221.0], [1777729222.0, 1777729224.0], [1777729225.0, 1777729228.0], [1777729229.0, 1777729230.0], [1777729231.0, 1777729232.0], [1777729233.0, 1777729240.0], [1777729240.0, 1777729242.0], [1777729243.0, 1777729249.0], [1777729249.0, 1777729252.0], [1777729252.0, 1777729255.0], [1777729256.0, 1777729258.0], [1777729259.0, 1777729260.0], [1777729260.0, 1777729262.0], [1777729263.0, 1777729263.0], [1777729264.0, 1777729265.0], [1777729265.0, 1777729266.0], [1777729266.0, 1777729267.0], [1777729268.0, 1777729269.0], [1777729269.0, 1777729271.0], [1777729272.0, 1777729276.0], [1777729277.0, 1777729282.0], [1777729282.0, 1777729283.0], [1777729284.0, 1777729285.0], [1777729289.0, 1777729290.0], [1777729291.0, 1777729296.0], [1777729297.0, 1777729302.0], [1777729302.0, 1777729306.0], [1777729306.0, 1777729307.0], [1777729307.0, 1777729308.0], [1777729309.0, 1777729311.0], [1777729312.0, 1777729312.0], [1777729313.0, 1777729314.0], [1777729315.0, 1777729316.0], [1777729317.0, 1777729335.0], [1777729336.0, 1777729336.0], [1777729337.0, 1777729337.0], [1777729338.0, 1777729343.0], [1777729344.0, 1777729345.0], [1777729346.0, 1777729347.0], [1777729350.0, 1777729355.0], [1777729356.0, 1777729357.0], [1777729358.0, 1777729367.0], [1777729368.0, 1777729374.0], [1777729375.0, 1777729376.0], [1777729423.0, 1777729423.0], [1777729452.0, 1777729452.0], [1777729458.0, 1777729459.0], [1777729539.0, 1777729539.0], [1777729583.0, 1777729583.0], [1777729587.0, 1777729587.0], [1777729594.0, 1777729595.0], [1777729601.0, 1777729601.0], [1777729604.0, 1777729605.0], [1777729608.0, 1777729609.0]]","[[1777706890.0, 1777706890.0], [1777720350.0, 1777720353.0], [1777720878.0, 1777720878.0], [1777721363.0, 1777721364.0], [1777722813.0, 1777722813.0], [1777728406.0, 1777728413.0], [1777728414.0, 1777728419.0], [1777729031.0, 1777729032.0], [1777729052.0, 1777729052.0], [1777729081.0, 1777729081.0], [1777729091.0, 1777729091.0], [1777729096.0, 1777729096.0], [1777729098.0, 1777729099.0], [1777729103.0, 1777729104.0], [1777729106.0, 1777729108.0], [1777729111.0, 1777729111.0], [1777729112.0, 1777729113.0], [1777729113.0, 1777729114.0], [1777729114.0, 1777729116.0], [1777729119.0, 1777729119.0], [1777729120.0, 1777729121.0], [1777729124.0, 1777729124.0], [1777729125.0, 1777729126.0], [1777729128.0, 1777729129.0], [1777729135.0, 1777729135.0], [1777729138.0, 1777729138.0], [1777729139.0, 1777729139.0], [1777729140.0, 1777729141.0], [1777729142.0, 1777729143.0], [1777729144.0, 1777729144.0], [1777729147.0, 1777729148.0], [1777729149.0, 1777729149.0], [1777729165.0, 1777729166.0], [1777729171.0, 1777729172.0], [1777729175.0, 1777729176.0], [1777729178.0, 1777729179.0], [1777729180.0, 1777729181.0], [1777729182.0, 1777729183.0], [1777729185.0, 1777729185.0], [1777729186.0, 1777729187.0], [1777729187.0, 1777729188.0], [1777729201.0, 1777729202.0], [1777729207.0, 1777729207.0], [1777729216.0, 1777729217.0], [1777729217.0, 1777729218.0], [1777729219.0, 1777729220.0], [1777729220.0, 1777729221.0], [1777729221.0, 1777729222.0], [1777729224.0, 1777729225.0], [1777729228.0, 1777729229.0], [1777729230.0, 1777729231.0], [1777729232.0, 1777729233.0], [1777729240.0, 1777729240.0], [1777729242.0, 1777729243.0], [1777729249.0, 1777729249.0], [1777729252.0, 1777729252.0], [1777729255.0, 1777729256.0], [1777729258.0, 1777729259.0], [1777729260.0, 1777729260.0], [1777729262.0, 1777729263.0], [1777729263.0, 1777729264.0], [1777729265.0, 1777729265.0], [1777729266.0, 1777729266.0], [1777729267.0, 1777729268.0], [1777729269.0, 1777729269.0], [1777729271.0, 1777729272.0], [1777729276.0, 1777729277.0], [1777729282.0, 1777729282.0], [1777729283.0, 1777729284.0], [1777729285.0, 1777729289.0], [1777729290.0, 1777729291.0], [1777729296.0, 1777729297.0], [1777729302.0, 1777729302.0], [1777729306.0, 1777729306.0], [1777729307.0, 1777729307.0], [1777729308.0, 1777729309.0], [1777729311.0, 1777729312.0], [1777729312.0, 1777729313.0], [1777729314.0, 1777729315.0], [1777729316.0, 1777729317.0], [1777729335.0, 1777729336.0], [1777729336.0, 1777729337.0], [1777729337.0, 1777729338.0], [1777729343.0, 1777729344.0], [1777729345.0, 1777729346.0], [1777729347.0, 1777729350.0], [1777729355.0, 1777729356.0], [1777729357.0, 1777729358.0], [1777729367.0, 1777729368.0], [1777729374.0, 1777729375.0], [1777729376.0, 1777729423.0], [1777729423.0, 1777729452.0], [1777729452.0, 1777729458.0], [1777729459.0, 1777729539.0], [1777729539.0, 1777729583.0], [1777729583.0, 1777729587.0], [1777729587.0, 1777729594.0], [1777729595.0, 1777729601.0], [1777729601.0, 1777729604.0], [1777729605.0, 1777729608.0]]",1777729730
125,left,1777730229,1777730597,368,8,"[[1777730229.0, 1777730231.0], [1777730242.0, 1777730243.0], [1777730294.0, 1777730307.0], [1777730308.0, 1777730328.0], [1777730335.0, 1777730357.0], [1777730357.0, 1777730398.0], [1777730410.0, 1777730596.0], [1777730597.0, 1777730597.0]]","[[1777730231.0, 1777730242.0], [1777730243.0, 1777730294.0], [1777730307.0, 1777730308.0], [1777730328.0, 1777730335.0], [1777730357.0, 1777730357.0], [1777730398.0, 1777730410.0], [1777730596.0, 1777730597.0]]",1777730719
126,right,1777729906,1777732714,2808,8,"[[1777729906.0, 1777729906.0], [1777729910.0, 1777729911.0], [1777729990.0, 1777729990.0], [1777729996.0, 1777729997.0], [1777730005.0, 1777730006.0], [1777730057.0, 1777730058.0], [1777730069.0, 1777732707.0], [1777732710.0, 1777732714.0]]","[[1777729906.0, 1777729910.0], [1777729911.0, 1777729990.0], [1777729990.0, 1777729996.0], [1777729997.0, 1777730005.0], [1777730006.0, 1777730057.0], [1777730058.0, 1777730069.0], [1777732707.0, 1777732710.0]]",1777732835
127,left,1262304023,1777768616,515464593,10,"[[1262304023.0, 1777768602.0], [1777768603.0, 1777768603.0], [1777768604.0, 1777768606.0], [1777768607.0, 1777768607.0], [1777768608.0, 1777768609.0], [1777768609.0, 1777768610.0], [1777768611.0, 1777768611.0], [1777768612.0, 1777768613.0], [1777768614.0, 1777768614.0], [1777768615.0, 1777768616.0]]","[[1777768602.0, 1777768603.0], [1777768603.0, 1777768604.0], [1777768606.0, 1777768607.0], [1777768607.0, 1777768608.0], [1777768609.0, 1777768609.0], [1777768610.0, 1777768611.0], [1777768611.0, 1777768612.0], [1777768613.0, 1777768614.0], [1777768614.0, 1777768615.0]]",1777768736
128,right,1262304023,1777768826,515464803,5,"[[1262304023.0, 1777768795.0], [1777768796.0, 1777768804.0], [1777768804.0, 1777768805.0], [1777768807.0, 1777768808.0], [1777768824.0, 1777768826.0]]","[[1777768795.0, 1777768796.0], [1777768804.0, 1777768804.0], [1777768805.0, 1777768807.0], [1777768808.0, 1777768824.0]]",1777768946
129,right,1777770319,1777771039,720,50,"[[1777770319.0, 1777770438.0], [1777770502.0, 1777770503.0], [1777770503.0, 1777770532.0], [1777770532.0, 1777770533.0], [1777770534.0, 1777770535.0], [1777770539.0, 1777770539.0], [1777770560.0, 1777770561.0], [1777770657.0, 1777770657.0], [1777770659.0, 1777770660.0], [1777770661.0, 1777770661.0], [1777770663.0, 1777770664.0], [1777770665.0, 1777770666.0], [1777770667.0, 1777770673.0], [1777770673.0, 1777770674.0], [1777770675.0, 1777770678.0], [1777770679.0, 1777770680.0], [1777770680.0, 1777770681.0], [1777770681.0, 1777770683.0], [1777770684.0, 1777770684.0], [1777770685.0, 1777770685.0], [1777770686.0, 1777770691.0], [1777770693.0, 1777770695.0], [1777770695.0, 1777770707.0], [1777770708.0, 1777770709.0], [1777770710.0, 1777770710.0], [1777770711.0, 1777770714.0], [1777770714.0, 1777770716.0], [1777770716.0, 1777770717.0], [1777770718.0, 1777770722.0], [1777770722.0, 1777770733.0], [1777770734.0, 1777770736.0], [1777770737.0, 1777770749.0], [1777770750.0, 1777770754.0], [1777770755.0, 1777770756.0], [1777770757.0, 1777770766.0], [1777770766.0, 1777770769.0], [1777770769.0, 1777770775.0], [1777770775.0, 1777770776.0], [1777770777.0, 1777770787.0], [1777770788.0, 1777770789.0], [1777770789.0, 1777770794.0], [1777770795.0, 1777770807.0], [1777770807.0, 1777770808.0], [1777770808.0, 1777770837.0], [1777770838.0, 1777770838.0], [1777770839.0, 1777770841.0], [1777770842.0, 1777770864.0], [1777770865.0, 1777770874.0], [1777770874.0, 1777770902.0], [1777770902.0, 1777771039.0]]","[[1777770438.0, 1777770502.0], [1777770503.0, 1777770503.0], [1777770532.0, 1777770532.0], [1777770533.0, 1777770534.0], [1777770535.0, 1777770539.0], [1777770539.0, 1777770560.0], [1777770561.0, 1777770657.0], [1777770657.0, 1777770659.0], [1777770660.0, 1777770661.0], [1777770661.0, 1777770663.0], [1777770664.0, 1777770665.0], [1777770666.0, 1777770667.0], [1777770673.0, 1777770673.0], [1777770674.0, 1777770675.0], [1777770678.0, 1777770679.0], [1777770680.0, 1777770680.0], [1777770681.0, 1777770681.0], [1777770683.0, 1777770684.0], [1777770684.0, 1777770685.0], [1777770685.0, 1777770686.0], [1777770691.0, 1777770693.0], [1777770695.0, 1777770695.0], [1777770707.0, 1777770708.0], [1777770709.0, 1777770710.0], [1777770710.0, 1777770711.0], [1777770714.0, 1777770714.0], [1777770716.0, 1777770716.0], [1777770717.0, 1777770718.0], [1777770722.0, 1777770722.0], [1777770733.0, 1777770734.0], [1777770736.0, 1777770737.0], [1777770749.0, 1777770750.0], [1777770754.0, 1777770755.0], [1777770756.0, 1777770757.0], [1777770766.0, 1777770766.0], [1777770769.0, 1777770769.0], [1777770775.0, 1777770775.0], [1777770776.0, 1777770777.0], [1777770787.0, 1777770788.0], [1777770789.0, 1777770789.0], [1777770794.0, 1777770795.0], [1777770807.0, 1777770807.0], [1777770808.0, 1777770808.0], [1777770837.0, 1777770838.0], [1777770838.0, 1777770839.0], [1777770841.0, 1777770842.0], [1777770864.0, 1777770865.0], [1777770874.0, 1777770874.0], [1777770902.0, 1777770902.0]]",1777771159
130,left,1777768825,1777771040,2215,117,"[[1777768825.0, 1777770073.0], [1777770074.0, 1777770197.0], [1777770201.0, 1777770202.0], [1777770202.0, 1777770203.0], [1777770203.0, 1777770205.0], [1777770220.0, 1777770221.0], [1777770235.0, 1777770236.0], [1777770240.0, 1777770240.0], [1777770248.0, 1777770249.0], [1777770249.0, 1777770250.0], [1777770264.0, 1777770265.0], [1777770279.0, 1777770280.0], [1777770283.0, 1777770283.0], [1777770289.0, 1777770289.0], [1777770316.0, 1777770316.0], [1777770318.0, 1777770442.0], [1777770442.0, 1777770447.0], [1777770448.0, 1777770449.0], [1777770450.0, 1777770450.0], [1777770453.0, 1777770453.0], [1777770461.0, 1777770461.0], [1777770499.0, 1777770499.0], [1777770500.0, 1777770505.0], [1777770513.0, 1777770514.0], [1777770517.0, 1777770517.0], [1777770519.0, 1777770520.0], [1777770521.0, 1777770521.0], [1777770525.0, 1777770526.0], [1777770543.0, 1777770543.0], [1777770552.0, 1777770553.0], [1777770561.0, 1777770562.0], [1777770563.0, 1777770563.0], [1777770564.0, 1777770564.0], [1777770573.0, 1777770573.0], [1777770576.0, 1777770576.0], [1777770577.0, 1777770578.0], [1777770585.0, 1777770587.0], [1777770587.0, 1777770588.0], [1777770588.0, 1777770589.0], [1777770591.0, 1777770591.0], [1777770599.0, 1777770599.0], [1777770600.0, 1777770601.0], [1777770602.0, 1777770603.0], [1777770605.0, 1777770606.0], [1777770606.0, 1777770607.0], [1777770612.0, 1777770613.0], [1777770622.0, 1777770623.0], [1777770626.0, 1777770626.0], [1777770640.0, 1777770640.0], [1777770647.0, 1777770649.0], [1777770650.0, 1777770650.0], [1777770653.0, 1777770654.0], [1777770655.0, 1777770656.0], [1777770657.0, 1777770658.0], [1777770658.0, 1777770659.0], [1777770660.0, 1777770661.0], [1777770663.0, 1777770664.0], [1777770665.0, 1777770670.0], [1777770671.0, 1777770671.0], [1777770673.0, 1777770674.0], [1777770675.0, 1777770675.0], [1777770676.0, 1777770678.0], [1777770679.0, 1777770680.0], [1777770681.0, 1777770682.0], [1777770682.0, 1777770685.0], [1777770686.0, 1777770688.0], [1777770689.0, 1777770690.0], [1777770691.0, 1777770693.0], [1777770696.0, 1777770697.0], [1777770697.0, 1777770701.0], [1777770702.0, 1777770703.0], [1777770704.0, 1777770706.0], [1777770706.0, 1777770709.0], [1777770710.0, 1777770711.0], [1777770715.0, 1777770717.0], [1777770719.0, 1777770721.0], [1777770723.0, 1777770726.0], [1777770728.0, 1777770732.0], [1777770733.0, 1777770734.0], [1777770735.0, 1777770736.0], [1777770736.0, 1777770738.0], [1777770739.0, 1777770741.0], [1777770741.0, 1777770745.0], [1777770746.0, 1777770747.0], [1777770747.0, 1777770749.0], [1777770750.0, 1777770751.0], [1777770753.0, 1777770754.0], [1777770754.0, 1777770759.0], [1777770759.0, 1777770760.0], [1777770761.0, 1777770762.0], [1777770762.0, 1777770764.0], [1777770765.0, 1777770768.0], [1777770769.0, 1777770771.0], [1777770772.0, 1777770772.0], [1777770774.0, 1777770775.0], [1777770775.0, 1777770781.0], [1777770782.0, 1777770787.0], [1777770787.0, 1777770789.0], [1777770789.0, 1777770790.0], [1777770790.0, 1777770792.0], [1777770793.0, 1777770794.0], [1777770795.0, 1777770797.0], [1777770798.0, 1777770798.0], [1777770799.0, 1777770800.0], [1777770801.0, 1777770804.0], [1777770805.0, 1777770807.0], [1777770809.0, 1777770816.0], [1777770817.0, 1777770817.0], [1777770818.0, 1777770830.0], [1777770831.0, 1777770831.0], [1777770832.0, 1777770845.0], [1777770846.0, 1777770867.0], [1777770867.0, 1777770871.0], [1777770872.0, 1777770880.0], [1777770881.0, 1777770885.0], [1777770885.0, 1777771039.0], [1777771040.0, 1777771040.0]]","[[1777770073.0, 1777770074.0], [1777770197.0, 1777770201.0], [1777770202.0, 1777770202.0], [1777770203.0, 1777770203.0], [1777770205.0, 1777770220.0], [1777770221.0, 1777770235.0], [1777770236.0, 1777770240.0], [1777770240.0, 1777770248.0], [1777770249.0, 1777770249.0], [1777770250.0, 1777770264.0], [1777770265.0, 1777770279.0], [1777770280.0, 1777770283.0], [1777770283.0, 1777770289.0], [1777770289.0, 1777770316.0], [1777770316.0, 1777770318.0], [1777770442.0, 1777770442.0], [1777770447.0, 1777770448.0], [1777770449.0, 1777770450.0], [1777770450.0, 1777770453.0], [1777770453.0, 1777770461.0], [1777770461.0, 1777770499.0], [1777770499.0, 1777770500.0], [1777770505.0, 1777770513.0], [1777770514.0, 1777770517.0], [1777770517.0, 1777770519.0], [1777770520.0, 1777770521.0], [1777770521.0, 1777770525.0], [1777770526.0, 1777770543.0], [1777770543.0, 1777770552.0], [1777770553.0, 1777770561.0], [1777770562.0, 1777770563.0], [1777770563.0, 1777770564.0], [1777770564.0, 1777770573.0], [1777770573.0, 1777770576.0], [1777770576.0, 1777770577.0], [1777770578.0, 1777770585.0], [1777770587.0, 1777770587.0], [1777770588.0, 1777770588.0], [1777770589.0, 1777770591.0], [1777770591.0, 1777770599.0], [1777770599.0, 1777770600.0], [1777770601.0, 1777770602.0], [1777770603.0, 1777770605.0], [1777770606.0, 1777770606.0], [1777770607.0, 1777770612.0], [1777770613.0, 1777770622.0], [1777770623.0, 1777770626.0], [1777770626.0, 1777770640.0], [1777770640.0, 1777770647.0], [1777770649.0, 1777770650.0], [1777770650.0, 1777770653.0], [1777770654.0, 1777770655.0], [1777770656.0, 1777770657.0], [1777770658.0, 1777770658.0], [1777770659.0, 1777770660.0], [1777770661.0, 1777770663.0], [1777770664.0, 1777770665.0], [1777770670.0, 1777770671.0], [1777770671.0, 1777770673.0], [1777770674.0, 1777770675.0], [1777770675.0, 1777770676.0], [1777770678.0, 1777770679.0], [1777770680.0, 1777770681.0], [1777770682.0, 1777770682.0], [1777770685.0, 1777770686.0], [1777770688.0, 1777770689.0], [1777770690.0, 1777770691.0], [1777770693.0, 1777770696.0], [1777770697.0, 1777770697.0], [1777770701.0, 1777770702.0], [1777770703.0, 1777770704.0], [1777770706.0, 1777770706.0], [1777770709.0, 1777770710.0], [1777770711.0, 1777770715.0], [1777770717.0, 1777770719.0], [1777770721.0, 1777770723.0], [1777770726.0, 1777770728.0], [1777770732.0, 1777770733.0], [1777770734.0, 1777770735.0], [1777770736.0, 1777770736.0], [1777770738.0, 1777770739.0], [1777770741.0, 1777770741.0], [1777770745.0, 1777770746.0], [1777770747.0, 1777770747.0], [1777770749.0, 1777770750.0], [1777770751.0, 1777770753.0], [1777770754.0, 1777770754.0], [1777770759.0, 1777770759.0], [1777770760.0, 1777770761.0], [1777770762.0, 1777770762.0], [1777770764.0, 1777770765.0], [1777770768.0, 1777770769.0], [1777770771.0, 1777770772.0], [1777770772.0, 1777770774.0], [1777770775.0, 1777770775.0], [1777770781.0, 1777770782.0], [1777770787.0, 1777770787.0], [1777770789.0, 1777770789.0], [1777770790.0, 1777770790.0], [1777770792.0, 1777770793.0], [1777770794.0, 1777770795.0], [1777770797.0, 1777770798.0], [1777770798.0, 1777770799.0], [1777770800.0, 1777770801.0], [1777770804.0, 1777770805.0], [1777770807.0, 1777770809.0], [1777770816.0, 1777770817.0], [1777770817.0, 1777770818.0], [1777770830.0, 1777770831.0], [1777770831.0, 1777770832.0], [1777770845.0, 1777770846.0], [1777770867.0, 1777770867.0], [1777770871.0, 1777770872.0], [1777770880.0, 1777770881.0], [1777770885.0, 1777770885.0], [1777771039.0, 1777771040.0]]",1777771160
131,right,1777771224,1777771640,416,1,"[[1777771224.0, 1777771640.0]]",[],1777771759
132,right,1777771762,1777772484,722,2,"[[1777771762.0, 1777771883.0], [1777771944.0, 1777772484.0]]","[[1777771883.0, 1777771944.0]]",1777772604
133,right,1777772665,1777773084,419,1,"[[1777772665.0, 1777773084.0]]",[],1777773205
134,right,1777773206,1777773928,722,2,"[[1777773206.0, 1777773331.0], [1777773386.0, 1777773928.0]]","[[1777773331.0, 1777773386.0]]",1777774048
135,right,1777777136,1777777621,485,2,"[[1777777136.0, 1777777476.0], [1777777477.0, 1777777621.0]]","[[1777777476.0, 1777777477.0]]",1777777741
136,right,1777780976,1777814630,33654,43,"[[1777780976.0, 1777780977.0], [1777780978.0, 1777780979.0], [1777780980.0, 1777787705.0], [1777787706.0, 1777787711.0], [1777787712.0, 1777788971.0], [1777788972.0, 1777795255.0], [1777795255.0, 1777801081.0], [1777801082.0, 1777802086.0], [1777802087.0, 1777802099.0], [1777802100.0, 1777802101.0], [1777802109.0, 1777802110.0], [1777802111.0, 1777802112.0], [1777802113.0, 1777802114.0], [1777802114.0, 1777802118.0], [1777802119.0, 1777802130.0], [1777802132.0, 1777802375.0], [1777802376.0, 1777802403.0], [1777802403.0, 1777802430.0], [1777802431.0, 1777802479.0], [1777802480.0, 1777802542.0], [1777802542.0, 1777802544.0], [1777802545.0, 1777802553.0], [1777802553.0, 1777802566.0], [1777802567.0, 1777802581.0], [1777802581.0, 1777802584.0], [1777802586.0, 1777802586.0], [1777802588.0, 1777803208.0], [1777803209.0, 1777804051.0], [1777804052.0, 1777805096.0], [1777805097.0, 1777806157.0], [1777806157.0, 1777807511.0], [1777807512.0, 1777807513.0], [1777807516.0, 1777807519.0], [1777807528.0, 1777807530.0], [1777807531.0, 1777807537.0], [1777807541.0, 1777807572.0], [1777807573.0, 1777807667.0], [1777807668.0, 1777807684.0], [1777807685.0, 1777807700.0], [1777807701.0, 1777807761.0], [1777807762.0, 1777811775.0], [1777811776.0, 1777814627.0], [1777814628.0, 1777814630.0]]","[[1777780977.0, 1777780978.0], [1777780979.0, 1777780980.0], [1777787705.0, 1777787706.0], [1777787711.0, 1777787712.0], [1777788971.0, 1777788972.0], [1777795255.0, 1777795255.0], [1777801081.0, 1777801082.0], [1777802086.0, 1777802087.0], [1777802099.0, 1777802100.0], [1777802101.0, 1777802109.0], [1777802110.0, 1777802111.0], [1777802112.0, 1777802113.0], [1777802114.0, 1777802114.0], [1777802118.0, 1777802119.0], [1777802130.0, 1777802132.0], [1777802375.0, 1777802376.0], [1777802403.0, 1777802403.0], [1777802430.0, 1777802431.0], [1777802479.0, 1777802480.0], [1777802542.0, 1777802542.0], [1777802544.0, 1777802545.0], [1777802553.0, 1777802553.0], [1777802566.0, 1777802567.0], [1777802581.0, 1777802581.0], [1777802584.0, 1777802586.0], [1777802586.0, 1777802588.0], [1777803208.0, 1777803209.0], [1777804051.0, 1777804052.0], [1777805096.0, 1777805097.0], [1777806157.0, 1777806157.0], [1777807511.0, 1777807512.0], [1777807513.0, 1777807516.0], [1777807519.0, 1777807528.0], [1777807530.0, 1777807531.0], [1777807537.0, 1777807541.0], [1777807572.0, 1777807573.0], [1777807667.0, 1777807668.0], [1777807684.0, 1777807685.0], [1777807700.0, 1777807701.0], [1777807761.0, 1777807762.0], [1777811775.0, 1777811776.0], [1777814627.0, 1777814628.0]]",1777814750
137,right,1777814866,1777815762,896,136,"[[1777814866.0, 1777814867.0], [1777814879.0, 1777814880.0], [1777814889.0, 1777814890.0], [1777814891.0, 1777814892.0], [1777814904.0, 1777814905.0], [1777814909.0, 1777814910.0], [1777814911.0, 1777814911.0], [1777814916.0, 1777814916.0], [1777814955.0, 1777814955.0], [1777814961.0, 1777814962.0], [1777814983.0, 1777814983.0], [1777815001.0, 1777815001.0], [1777815019.0, 1777815019.0], [1777815026.0, 1777815026.0], [1777815030.0, 1777815030.0], [1777815031.0, 1777815031.0], [1777815034.0, 1777815036.0], [1777815039.0, 1777815040.0], [1777815046.0, 1777815048.0], [1777815055.0, 1777815055.0], [1777815059.0, 1777815060.0], [1777815063.0, 1777815064.0], [1777815068.0, 1777815068.0], [1777815070.0, 1777815070.0], [1777815071.0, 1777815071.0], [1777815072.0, 1777815072.0], [1777815074.0, 1777815075.0], [1777815085.0, 1777815086.0], [1777815089.0, 1777815090.0], [1777815094.0, 1777815094.0], [1777815096.0, 1777815097.0], [1777815099.0, 1777815100.0], [1777815109.0, 1777815110.0], [1777815116.0, 1777815116.0], [1777815118.0, 1777815119.0], [1777815120.0, 1777815120.0], [1777815121.0, 1777815121.0], [1777815128.0, 1777815128.0], [1777815130.0, 1777815130.0], [1777815131.0, 1777815132.0], [1777815133.0, 1777815134.0], [1777815135.0, 1777815136.0], [1777815138.0, 1777815139.0], [1777815140.0, 1777815141.0], [1777815142.0, 1777815142.0], [1777815143.0, 1777815144.0], [1777815144.0, 1777815145.0], [1777815146.0, 1777815149.0], [1777815150.0, 1777815175.0], [1777815175.0, 1777815179.0], [1777815180.0, 1777815184.0], [1777815184.0, 1777815192.0], [1777815192.0, 1777815197.0], [1777815198.0, 1777815200.0], [1777815201.0, 1777815201.0], [1777815202.0, 1777815205.0], [1777815206.0, 1777815214.0], [1777815214.0, 1777815236.0], [1777815236.0, 1777815239.0], [1777815240.0, 1777815247.0], [1777815247.0, 1777815248.0], [1777815250.0, 1777815251.0], [1777815252.0, 1777815256.0], [1777815261.0, 1777815264.0], [1777815264.0, 1777815268.0], [1777815269.0, 1777815270.0], [1777815271.0, 1777815272.0], [1777815272.0, 1777815286.0], [1777815287.0, 1777815287.0], [1777815288.0, 1777815289.0], [1777815289.0, 1777815293.0], [1777815294.0, 1777815296.0], [1777815299.0, 1777815342.0], [1777815343.0, 1777815349.0], [1777815349.0, 1777815358.0], [1777815359.0, 1777815379.0], [1777815380.0, 1777815395.0], [1777815395.0, 1777815399.0], [1777815399.0, 1777815405.0], [1777815406.0, 1777815408.0], [1777815409.0, 1777815412.0], [1777815412.0, 1777815423.0], [1777815440.0, 1777815443.0], [1777815444.0, 1777815444.0], [1777815445.0, 1777815447.0], [1777815452.0, 1777815454.0], [1777815455.0, 1777815458.0], [1777815459.0, 1777815460.0], [1777815460.0, 1777815461.0], [1777815479.0, 1777815479.0], [1777815483.0, 1777815483.0], [1777815491.0, 1777815491.0], [1777815493.0, 1777815493.0], [1777815496.0, 1777815496.0], [1777815504.0, 1777815505.0], [1777815516.0, 1777815517.0], [1777815523.0, 1777815523.0], [1777815545.0, 1777815546.0], [1777815550.0, 1777815551.0], [1777815555.0, 1777815555.0], [1777815563.0, 1777815564.0], [1777815566.0, 1777815568.0], [1777815579.0, 1777815580.0], [1777815583.0, 1777815585.0], [1777815587.0, 1777815588.0], [1777815591.0, 1777815591.0], [1777815592.0, 1777815592.0], [1777815594.0, 1777815595.0], [1777815597.0, 1777815599.0], [1777815601.0, 1777815602.0], [1777815606.0, 1777815607.0], [1777815612.0, 1777815614.0], [1777815621.0, 1777815621.0], [1777815623.0, 1777815624.0], [1777815624.0, 1777815627.0], [1777815628.0, 1777815634.0], [1777815637.0, 1777815638.0], [1777815639.0, 1777815639.0], [1777815640.0, 1777815642.0], [1777815645.0, 1777815646.0], [1777815647.0, 1777815651.0], [1777815652.0, 1777815658.0], [1777815659.0, 1777815660.0], [1777815660.0, 1777815661.0], [1777815663.0, 1777815666.0], [1777815666.0, 1777815670.0], [1777815670.0, 1777815672.0], [1777815672.0, 1777815673.0], [1777815675.0, 1777815676.0], [1777815677.0, 1777815678.0], [1777815678.0, 1777815681.0], [1777815722.0, 1777815722.0], [1777815738.0, 1777815739.0], [1777815739.0, 1777815740.0], [1777815746.0, 1777815746.0], [1777815752.0, 1777815762.0]]","[[1777814867.0, 1777814879.0], [1777814880.0, 1777814889.0], [1777814890.0, 1777814891.0], [1777814892.0, 1777814904.0], [1777814905.0, 1777814909.0], [1777814910.0, 1777814911.0], [1777814911.0, 1777814916.0], [1777814916.0, 1777814955.0], [1777814955.0, 1777814961.0], [1777814962.0, 1777814983.0], [1777814983.0, 1777815001.0], [1777815001.0, 1777815019.0], [1777815019.0, 1777815026.0], [1777815026.0, 1777815030.0], [1777815030.0, 1777815031.0], [1777815031.0, 1777815034.0], [1777815036.0, 1777815039.0], [1777815040.0, 1777815046.0], [1777815048.0, 1777815055.0], [1777815055.0, 1777815059.0], [1777815060.0, 1777815063.0], [1777815064.0, 1777815068.0], [1777815068.0, 1777815070.0], [1777815070.0, 1777815071.0], [1777815071.0, 1777815072.0], [1777815072.0, 1777815074.0], [1777815075.0, 1777815085.0], [1777815086.0, 1777815089.0], [1777815090.0, 1777815094.0], [1777815094.0, 1777815096.0], [1777815097.0, 1777815099.0], [1777815100.0, 1777815109.0], [1777815110.0, 1777815116.0], [1777815116.0, 1777815118.0], [1777815119.0, 1777815120.0], [1777815120.0, 1777815121.0], [1777815121.0, 1777815128.0], [1777815128.0, 1777815130.0], [1777815130.0, 1777815131.0], [1777815132.0, 1777815133.0], [1777815134.0, 1777815135.0], [1777815136.0, 1777815138.0], [1777815139.0, 1777815140.0], [1777815141.0, 1777815142.0], [1777815142.0, 1777815143.0], [1777815144.0, 1777815144.0], [1777815145.0, 1777815146.0], [1777815149.0, 1777815150.0], [1777815175.0, 1777815175.0], [1777815179.0, 1777815180.0], [1777815184.0, 1777815184.0], [1777815192.0, 1777815192.0], [1777815197.0, 1777815198.0], [1777815200.0, 1777815201.0], [1777815201.0, 1777815202.0], [1777815205.0, 1777815206.0], [1777815214.0, 1777815214.0], [1777815236.0, 1777815236.0], [1777815239.0, 1777815240.0], [1777815247.0, 1777815247.0], [1777815248.0, 1777815250.0], [1777815251.0, 1777815252.0], [1777815256.0, 1777815261.0], [1777815264.0, 1777815264.0], [1777815268.0, 1777815269.0], [1777815270.0, 1777815271.0], [1777815272.0, 1777815272.0], [1777815286.0, 1777815287.0], [1777815287.0, 1777815288.0], [1777815289.0, 1777815289.0], [1777815293.0, 1777815294.0], [1777815296.0, 1777815299.0], [1777815342.0, 1777815343.0], [1777815349.0, 1777815349.0], [1777815358.0, 1777815359.0], [1777815379.0, 1777815380.0], [1777815395.0, 1777815395.0], [1777815399.0, 1777815399.0], [1777815405.0, 1777815406.0], [1777815408.0, 1777815409.0], [1777815412.0, 1777815412.0], [1777815423.0, 1777815440.0], [1777815443.0, 1777815444.0], [1777815444.0, 1777815445.0], [1777815447.0, 1777815452.0], [1777815454.0, 1777815455.0], [1777815458.0, 1777815459.0], [1777815460.0, 1777815460.0], [1777815461.0, 1777815479.0], [1777815479.0, 1777815483.0], [1777815483.0, 1777815491.0], [1777815491.0, 1777815493.0], [1777815493.0, 1777815496.0], [1777815496.0, 1777815504.0], [1777815505.0, 1777815516.0], [1777815517.0, 1777815523.0], [1777815523.0, 1777815545.0], [1777815546.0, 1777815550.0], [1777815551.0, 1777815555.0], [1777815555.0, 1777815563.0], [1777815564.0, 1777815566.0], [1777815568.0, 1777815579.0], [1777815580.0, 1777815583.0], [1777815585.0, 1777815587.0], [1777815588.0, 1777815591.0], [1777815591.0, 1777815592.0], [1777815592.0, 1777815594.0], [1777815595.0, 1777815597.0], [1777815599.0, 1777815601.0], [1777815602.0, 1777815606.0], [1777815607.0, 1777815612.0], [1777815614.0, 1777815621.0], [1777815621.0, 1777815623.0], [1777815624.0, 1777815624.0], [1777815627.0, 1777815628.0], [1777815634.0, 1777815637.0], [1777815638.0, 1777815639.0], [1777815639.0, 1777815640.0], [1777815642.0, 1777815645.0], [1777815646.0, 1777815647.0], [1777815651.0, 1777815652.0], [1777815658.0, 1777815659.0], [1777815660.0, 1777815660.0], [1777815661.0, 1777815663.0], [1777815666.0, 1777815666.0], [1777815670.0, 1777815670.0], [1777815672.0, 1777815672.0], [1777815673.0, 1777815675.0], [1777815676.0, 1777815677.0], [1777815678.0, 1777815678.0], [1777815681.0, 1777815722.0], [1777815722.0, 1777815738.0], [1777815739.0, 1777815739.0], [1777815740.0, 1777815746.0], [1777815746.0, 1777815752.0]]",1777815883
138,right,1777834088,1777834864,776,192,"[[1777834088.0, 1777834089.0], [1777834091.0, 1777834092.0], [1777834093.0, 1777834094.0], [1777834095.0, 1777834096.0], [1777834096.0, 1777834097.0], [1777834116.0, 1777834117.0], [1777834141.0, 1777834142.0], [1777834177.0, 1777834178.0], [1777834179.0, 1777834180.0], [1777834181.0, 1777834183.0], [1777834183.0, 1777834184.0], [1777834185.0, 1777834185.0], [1777834187.0, 1777834188.0], [1777834191.0, 1777834192.0], [1777834202.0, 1777834203.0], [1777834204.0, 1777834205.0], [1777834206.0, 1777834207.0], [1777834210.0, 1777834211.0], [1777834239.0, 1777834240.0], [1777834248.0, 1777834249.0], [1777834250.0, 1777834250.0], [1777834252.0, 1777834253.0], [1777834253.0, 1777834254.0], [1777834255.0, 1777834256.0], [1777834256.0, 1777834257.0], [1777834258.0, 1777834261.0], [1777834264.0, 1777834265.0], [1777834266.0, 1777834266.0], [1777834278.0, 1777834280.0], [1777834283.0, 1777834283.0], [1777834286.0, 1777834286.0], [1777834293.0, 1777834294.0], [1777834295.0, 1777834296.0], [1777834300.0, 1777834301.0], [1777834301.0, 1777834302.0], [1777834311.0, 1777834311.0], [1777834315.0, 1777834316.0], [1777834318.0, 1777834319.0], [1777834320.0, 1777834320.0], [1777834327.0, 1777834327.0], [1777834330.0, 1777834331.0], [1777834333.0, 1777834333.0], [1777834335.0, 1777834337.0], [1777834340.0, 1777834343.0], [1777834344.0, 1777834346.0], [1777834346.0, 1777834347.0], [1777834348.0, 1777834348.0], [1777834351.0, 1777834351.0], [1777834352.0, 1777834353.0], [1777834353.0, 1777834354.0], [1777834355.0, 1777834355.0], [1777834356.0, 1777834357.0], [1777834357.0, 1777834358.0], [1777834359.0, 1777834360.0], [1777834361.0, 1777834363.0], [1777834364.0, 1777834365.0], [1777834367.0, 1777834368.0], [1777834369.0, 1777834371.0], [1777834372.0, 1777834373.0], [1777834374.0, 1777834375.0], [1777834378.0, 1777834380.0], [1777834384.0, 1777834388.0], [1777834389.0, 1777834390.0], [1777834391.0, 1777834392.0], [1777834392.0, 1777834393.0], [1777834394.0, 1777834394.0], [1777834400.0, 1777834401.0], [1777834404.0, 1777834404.0], [1777834405.0, 1777834407.0], [1777834408.0, 1777834409.0], [1777834409.0, 1777834410.0], [1777834411.0, 1777834411.0], [1777834412.0, 1777834414.0], [1777834416.0, 1777834417.0], [1777834424.0, 1777834427.0], [1777834427.0, 1777834429.0], [1777834430.0, 1777834431.0], [1777834434.0, 1777834435.0], [1777834436.0, 1777834436.0], [1777834437.0, 1777834439.0], [1777834440.0, 1777834440.0], [1777834441.0, 1777834442.0], [1777834442.0, 1777834444.0], [1777834444.0, 1777834445.0], [1777834446.0, 1777834451.0], [1777834452.0, 1777834453.0], [1777834453.0, 1777834454.0], [1777834455.0, 1777834456.0], [1777834457.0, 1777834458.0], [1777834460.0, 1777834460.0], [1777834462.0, 1777834462.0], [1777834464.0, 1777834465.0], [1777834469.0, 1777834469.0], [1777834471.0, 1777834472.0], [1777834473.0, 1777834473.0], [1777834474.0, 1777834475.0], [1777834485.0, 1777834487.0], [1777834487.0, 1777834489.0], [1777834490.0, 1777834490.0], [1777834491.0, 1777834491.0], [1777834493.0, 1777834493.0], [1777834499.0, 1777834500.0], [1777834502.0, 1777834502.0], [1777834504.0, 1777834505.0], [1777834505.0, 1777834507.0], [1777834508.0, 1777834509.0], [1777834510.0, 1777834511.0], [1777834512.0, 1777834517.0], [1777834517.0, 1777834518.0], [1777834520.0, 1777834522.0], [1777834523.0, 1777834524.0], [1777834525.0, 1777834526.0], [1777834526.0, 1777834528.0], [1777834529.0, 1777834529.0], [1777834530.0, 1777834532.0], [1777834532.0, 1777834534.0], [1777834534.0, 1777834535.0], [1777834535.0, 1777834536.0], [1777834537.0, 1777834538.0], [1777834538.0, 1777834540.0], [1777834541.0, 1777834545.0], [1777834546.0, 1777834560.0], [1777834561.0, 1777834562.0], [1777834562.0, 1777834564.0], [1777834565.0, 1777834570.0], [1777834570.0, 1777834571.0], [1777834572.0, 1777834573.0], [1777834574.0, 1777834575.0], [1777834576.0, 1777834576.0], [1777834577.0, 1777834577.0], [1777834579.0, 1777834582.0], [1777834583.0, 1777834585.0], [1777834585.0, 1777834586.0], [1777834586.0, 1777834587.0], [1777834587.0, 1777834588.0], [1777834589.0, 1777834590.0], [1777834592.0, 1777834592.0], [1777834595.0, 1777834597.0], [1777834598.0, 1777834601.0], [1777834601.0, 1777834603.0], [1777834609.0, 1777834610.0], [1777834611.0, 1777834611.0], [1777834612.0, 1777834613.0], [1777834613.0, 1777834615.0], [1777834616.0, 1777834618.0], [1777834619.0, 1777834620.0], [1777834621.0, 1777834622.0], [1777834623.0, 1777834626.0], [1777834626.0, 1777834630.0], [1777834630.0, 1777834632.0], [1777834634.0, 1777834635.0], [1777834636.0, 1777834637.0], [1777834637.0, 1777834638.0], [1777834639.0, 1777834640.0], [1777834641.0, 1777834642.0], [1777834645.0, 1777834645.0], [1777834661.0, 1777834661.0], [1777834662.0, 1777834663.0], [1777834664.0, 1777834664.0], [1777834669.0, 1777834670.0], [1777834672.0, 1777834673.0], [1777834675.0, 1777834676.0], [1777834693.0, 1777834697.0], [1777834701.0, 1777834702.0], [1777834707.0, 1777834708.0], [1777834709.0, 1777834710.0], [1777834711.0, 1777834712.0], [1777834713.0, 1777834714.0], [1777834717.0, 1777834721.0], [1777834722.0, 1777834723.0], [1777834724.0, 1777834724.0], [1777834726.0, 1777834727.0], [1777834733.0, 1777834735.0], [1777834736.0, 1777834739.0], [1777834739.0, 1777834741.0], [1777834744.0, 1777834747.0], [1777834748.0, 1777834750.0], [1777834751.0, 1777834751.0], [1777834752.0, 1777834758.0], [1777834758.0, 1777834762.0], [1777834763.0, 1777834763.0], [1777834764.0, 1777834765.0], [1777834766.0, 1777834767.0], [1777834769.0, 1777834772.0], [1777834774.0, 1777834775.0], [1777834776.0, 1777834777.0], [1777834778.0, 1777834778.0], [1777834780.0, 1777834781.0], [1777834781.0, 1777834782.0], [1777834783.0, 1777834796.0], [1777834796.0, 1777834797.0], [1777834797.0, 1777834864.5119102]]","[[1777834089.0, 1777834091.0], [1777834092.0, 1777834093.0], [1777834094.0, 1777834095.0], [1777834096.0, 1777834096.0], [1777834097.0, 1777834116.0], [1777834117.0, 1777834141.0], [1777834142.0, 1777834177.0], [1777834178.0, 1777834179.0], [1777834180.0, 1777834181.0], [1777834183.0, 1777834183.0], [1777834184.0, 1777834185.0], [1777834185.0, 1777834187.0], [1777834188.0, 1777834191.0], [1777834192.0, 1777834202.0], [1777834203.0, 1777834204.0], [1777834205.0, 1777834206.0], [1777834207.0, 1777834210.0], [1777834211.0, 1777834239.0], [1777834240.0, 1777834248.0], [1777834249.0, 1777834250.0], [1777834250.0, 1777834252.0], [1777834253.0, 1777834253.0], [1777834254.0, 1777834255.0], [1777834256.0, 1777834256.0], [1777834257.0, 1777834258.0], [1777834261.0, 1777834264.0], [1777834265.0, 1777834266.0], [1777834266.0, 1777834278.0], [1777834280.0, 1777834283.0], [1777834283.0, 1777834286.0], [1777834286.0, 1777834293.0], [1777834294.0, 1777834295.0], [1777834296.0, 1777834300.0], [1777834301.0, 1777834301.0], [1777834302.0, 1777834311.0], [1777834311.0, 1777834315.0], [1777834316.0, 1777834318.0], [1777834319.0, 1777834320.0], [1777834320.0, 1777834327.0], [1777834327.0, 1777834330.0], [1777834331.0, 1777834333.0], [1777834333.0, 1777834335.0], [1777834337.0, 1777834340.0], [1777834343.0, 1777834344.0], [1777834346.0, 1777834346.0], [1777834347.0, 1777834348.0], [1777834348.0, 1777834351.0], [1777834351.0, 1777834352.0], [1777834353.0, 1777834353.0], [1777834354.0, 1777834355.0], [1777834355.0, 1777834356.0], [1777834357.0, 1777834357.0], [1777834358.0, 1777834359.0], [1777834360.0, 1777834361.0], [1777834363.0, 1777834364.0], [1777834365.0, 1777834367.0], [1777834368.0, 1777834369.0], [1777834371.0, 1777834372.0], [1777834373.0, 1777834374.0], [1777834375.0, 1777834378.0], [1777834380.0, 1777834384.0], [1777834388.0, 1777834389.0], [1777834390.0, 1777834391.0], [1777834392.0, 1777834392.0], [1777834393.0, 1777834394.0], [1777834394.0, 1777834400.0], [1777834401.0, 1777834404.0], [1777834404.0, 1777834405.0], [1777834407.0, 1777834408.0], [1777834409.0, 1777834409.0], [1777834410.0, 1777834411.0], [1777834411.0, 1777834412.0], [1777834414.0, 1777834416.0], [1777834417.0, 1777834424.0], [1777834427.0, 1777834427.0], [1777834429.0, 1777834430.0], [1777834431.0, 1777834434.0], [1777834435.0, 1777834436.0], [1777834436.0, 1777834437.0], [1777834439.0, 1777834440.0], [1777834440.0, 1777834441.0], [1777834442.0, 1777834442.0], [1777834444.0, 1777834444.0], [1777834445.0, 1777834446.0], [1777834451.0, 1777834452.0], [1777834453.0, 1777834453.0], [1777834454.0, 1777834455.0], [1777834456.0, 1777834457.0], [1777834458.0, 1777834460.0], [1777834460.0, 1777834462.0], [1777834462.0, 1777834464.0], [1777834465.0, 1777834469.0], [1777834469.0, 1777834471.0], [1777834472.0, 1777834473.0], [1777834473.0, 1777834474.0], [1777834475.0, 1777834485.0], [1777834487.0, 1777834487.0], [1777834489.0, 1777834490.0], [1777834490.0, 1777834491.0], [1777834491.0, 1777834493.0], [1777834493.0, 1777834499.0], [1777834500.0, 1777834502.0], [1777834502.0, 1777834504.0], [1777834505.0, 1777834505.0], [1777834507.0, 1777834508.0], [1777834509.0, 1777834510.0], [1777834511.0, 1777834512.0], [1777834517.0, 1777834517.0], [1777834518.0, 1777834520.0], [1777834522.0, 1777834523.0], [1777834524.0, 1777834525.0], [1777834526.0, 1777834526.0], [1777834528.0, 1777834529.0], [1777834529.0, 1777834530.0], [1777834532.0, 1777834532.0], [1777834534.0, 1777834534.0], [1777834535.0, 1777834535.0], [1777834536.0, 1777834537.0], [1777834538.0, 1777834538.0], [1777834540.0, 1777834541.0], [1777834545.0, 1777834546.0], [1777834560.0, 1777834561.0], [1777834562.0, 1777834562.0], [1777834564.0, 1777834565.0], [1777834570.0, 1777834570.0], [1777834571.0, 1777834572.0], [1777834573.0, 1777834574.0], [1777834575.0, 1777834576.0], [1777834576.0, 1777834577.0], [1777834577.0, 1777834579.0], [1777834582.0, 1777834583.0], [1777834585.0, 1777834585.0], [1777834586.0, 1777834586.0], [1777834587.0, 1777834587.0], [1777834588.0, 1777834589.0], [1777834590.0, 1777834592.0], [1777834592.0, 1777834595.0], [1777834597.0, 1777834598.0], [1777834601.0, 1777834601.0], [1777834603.0, 1777834609.0], [1777834610.0, 1777834611.0], [1777834611.0, 1777834612.0], [1777834613.0, 1777834613.0], [1777834615.0, 1777834616.0], [1777834618.0, 1777834619.0], [1777834620.0, 1777834621.0], [1777834622.0, 1777834623.0], [1777834626.0, 1777834626.0], [1777834630.0, 1777834630.0], [1777834632.0, 1777834634.0], [1777834635.0, 1777834636.0], [1777834637.0, 1777834637.0], [1777834638.0, 1777834639.0], [1777834640.0, 1777834641.0], [1777834642.0, 1777834645.0], [1777834645.0, 1777834661.0], [1777834661.0, 1777834662.0], [1777834663.0, 1777834664.0], [1777834664.0, 1777834669.0], [1777834670.0, 1777834672.0], [1777834673.0, 1777834675.0], [1777834676.0, 1777834693.0], [1777834697.0, 1777834701.0], [1777834702.0, 1777834707.0], [1777834708.0, 1777834709.0], [1777834710.0, 1777834711.0], [1777834712.0, 1777834713.0], [1777834714.0, 1777834717.0], [1777834721.0, 1777834722.0], [1777834723.0, 1777834724.0], [1777834724.0, 1777834726.0], [1777834727.0, 1777834733.0], [1777834735.0, 1777834736.0], [1777834739.0, 1777834739.0], [1777834741.0, 1777834744.0], [1777834747.0, 1777834748.0], [1777834750.0, 1777834751.0], [1777834751.0, 1777834752.0], [1777834758.0, 1777834758.0], [1777834762.0, 1777834763.0], [1777834763.0, 1777834764.0], [1777834765.0, 1777834766.0], [1777834767.0, 1777834769.0], [1777834772.0, 1777834774.0], [1777834775.0, 1777834776.0], [1777834777.0, 1777834778.0], [1777834778.0, 1777834780.0], [1777834781.0, 1777834781.0], [1777834782.0, 1777834783.0], [1777834796.0, 1777834796.0], [1777834797.0, 1777834797.0]]",1777834920
139,right,1777839154,1777839916,762,10,"[[1777839154.0, 1777839311.0], [1777839311.0, 1777839340.0], [1777839340.0, 1777839352.0], [1777839353.0, 1777839354.0], [1777839354.0, 1777839355.0], [1777839357.0, 1777839372.0], [1777839373.0, 1777839373.0], [1777839374.0, 1777839376.0], [1777839377.0, 1777839378.0], [1777839382.0, 1777839916.0]]","[[1777839311.0, 1777839311.0], [1777839340.0, 1777839340.0], [1777839352.0, 1777839353.0], [1777839354.0, 1777839354.0], [1777839355.0, 1777839357.0], [1777839372.0, 1777839373.0], [1777839373.0, 1777839374.0], [1777839376.0, 1777839377.0], [1777839378.0, 1777839382.0]]",1777840037
140,right,1777850740,1777851241,501,2,"[[1777850740.0, 1777851204.0], [1777851240.0, 1777851241.0]]","[[1777851204.0, 1777851240.0]]",1777851361
141,right,1777851832,1777857212,5380,1,"[[1777851832.0, 1777857212.0]]",[],1777857333
142,left,1777850743,1777894302,43559,3,"[[1777850743.0, 1777891900.0], [1777891901.0, 1777894292.0], [1777894298.0, 1777894302.0]]","[[1777891900.0, 1777891901.0], [1777894292.0, 1777894298.0]]",1777894424
143,left,1777896866,1777898252,1386,22,"[[1777896866.0, 1777896866.0], [1777896869.0, 1777896870.0], [1777896871.0, 1777898151.0], [1777898153.0, 1777898155.0], [1777898156.0, 1777898182.0], [1777898182.0, 1777898184.0], [1777898184.0, 1777898187.0], [1777898187.0, 1777898189.0], [1777898200.0, 1777898201.0], [1777898202.0, 1777898203.0], [1777898205.0, 1777898205.0], [1777898209.0, 1777898210.0], [1777898213.0, 1777898214.0], [1777898214.0, 1777898218.0], [1777898219.0, 1777898219.0], [1777898223.0, 1777898223.0], [1777898226.0, 1777898227.0], [1777898230.0, 1777898230.0], [1777898232.0, 1777898233.0], [1777898235.0, 1777898236.0], [1777898237.0, 1777898238.0], [1777898252.0, 1777898252.0]]","[[1777896866.0, 1777896869.0], [1777896870.0, 1777896871.0], [1777898151.0, 1777898153.0], [1777898155.0, 1777898156.0], [1777898182.0, 1777898182.0], [1777898184.0, 1777898184.0], [1777898187.0, 1777898187.0], [1777898189.0, 1777898200.0], [1777898201.0, 1777898202.0], [1777898203.0, 1777898205.0], [1777898205.0, 1777898209.0], [1777898210.0, 1777898213.0], [1777898214.0, 1777898214.0], [1777898218.0, 1777898219.0], [1777898219.0, 1777898223.0], [1777898223.0, 1777898226.0], [1777898227.0, 1777898230.0], [1777898230.0, 1777898232.0], [1777898233.0, 1777898235.0], [1777898236.0, 1777898237.0], [1777898238.0, 1777898252.0]]",1777898374
144,right,1777909534,1777910397,863,68,"[[1777909534.0, 1777909542.0], [1777909543.0, 1777909543.0], [1777909544.0, 1777909548.0], [1777909548.0, 1777909549.0], [1777909550.0, 1777909557.0], [1777909558.0, 1777909561.0], [1777909561.0, 1777909562.0], [1777909564.0, 1777909567.0], [1777909568.0, 1777909569.0], [1777909569.0, 1777909570.0], [1777909573.0, 1777909574.0], [1777909575.0, 1777909577.0], [1777909578.0, 1777909578.0], [1777909579.0, 1777909579.0], [1777909580.0, 1777909581.0], [1777909581.0, 1777909585.0], [1777909587.0, 1777909589.0], [1777909591.0, 1777909592.0], [1777909593.0, 1777909593.0], [1777909594.0, 1777909595.0], [1777909599.0, 1777909603.0], [1777909604.0, 1777909605.0], [1777909605.0, 1777909606.0], [1777909608.0, 1777909609.0], [1777909610.0, 1777909611.0], [1777909612.0, 1777909614.0], [1777909614.0, 1777909615.0], [1777909616.0, 1777909617.0], [1777909618.0, 1777909620.0], [1777909620.0, 1777909621.0], [1777909622.0, 1777909630.0], [1777909630.0, 1777909632.0], [1777909633.0, 1777909639.0], [1777909639.0, 1777909641.0], [1777909642.0, 1777909642.0], [1777909643.0, 1777909644.0], [1777909645.0, 1777909646.0], [1777909647.0, 1777909651.0], [1777909652.0, 1777909653.0], [1777909654.0, 1777909655.0], [1777909656.0, 1777909665.0], [1777909666.0, 1777909667.0], [1777909667.0, 1777909669.0], [1777909670.0, 1777909672.0], [1777909672.0, 1777909674.0], [1777909674.0, 1777909675.0], [1777909675.0, 1777909677.0], [1777909677.0, 1777909678.0], [1777909680.0, 1777909681.0], [1777909681.0, 1777909685.0], [1777909686.0, 1777909690.0], [1777909691.0, 1777909980.0], [1777909980.0, 1777909989.0], [1777909989.0, 1777910293.0], [1777910294.0, 1777910305.0], [1777910305.0, 1777910344.0], [1777910345.0, 1777910349.0], [1777910350.0, 1777910354.0], [1777910355.0, 1777910358.0], [1777910358.0, 1777910359.0], [1777910359.0, 1777910360.0], [1777910361.0, 1777910363.0], [1777910364.0, 1777910369.0], [1777910370.0, 1777910371.0], [1777910372.0, 1777910374.0], [1777910375.0, 1777910386.0], [1777910387.0, 1777910394.0], [1777910394.0, 1777910397.0]]","[[1777909542.0, 1777909543.0], [1777909543.0, 1777909544.0], [1777909548.0, 1777909548.0], [1777909549.0, 1777909550.0], [1777909557.0, 1777909558.0], [1777909561.0, 1777909561.0], [1777909562.0, 1777909564.0], [1777909567.0, 1777909568.0], [1777909569.0, 1777909569.0], [1777909570.0, 1777909573.0], [1777909574.0, 1777909575.0], [1777909577.0, 1777909578.0], [1777909578.0, 1777909579.0], [1777909579.0, 1777909580.0], [1777909581.0, 1777909581.0], [1777909585.0, 1777909587.0], [1777909589.0, 1777909591.0], [1777909592.0, 1777909593.0], [1777909593.0, 1777909594.0], [1777909595.0, 1777909599.0], [1777909603.0, 1777909604.0], [1777909605.0, 1777909605.0], [1777909606.0, 1777909608.0], [1777909609.0, 1777909610.0], [1777909611.0, 1777909612.0], [1777909614.0, 1777909614.0], [1777909615.0, 1777909616.0], [1777909617.0, 1777909618.0], [1777909620.0, 1777909620.0], [1777909621.0, 1777909622.0], [1777909630.0, 1777909630.0], [1777909632.0, 1777909633.0], [1777909639.0, 1777909639.0], [1777909641.0, 1777909642.0], [1777909642.0, 1777909643.0], [1777909644.0, 1777909645.0], [1777909646.0, 1777909647.0], [1777909651.0, 1777909652.0], [1777909653.0, 1777909654.0], [1777909655.0, 1777909656.0], [1777909665.0, 1777909666.0], [1777909667.0, 1777909667.0], [1777909669.0, 1777909670.0], [1777909672.0, 1777909672.0], [1777909674.0, 1777909674.0], [1777909675.0, 1777909675.0], [1777909677.0, 1777909677.0], [1777909678.0, 1777909680.0], [1777909681.0, 1777909681.0], [1777909685.0, 1777909686.0], [1777909690.0, 1777909691.0], [1777909980.0, 1777909980.0], [1777909989.0, 1777909989.0], [1777910293.0, 1777910294.0], [1777910305.0, 1777910305.0], [1777910344.0, 1777910345.0], [1777910349.0, 1777910350.0], [1777910354.0, 1777910355.0], [1777910358.0, 1777910358.0], [1777910359.0, 1777910359.0], [1777910360.0, 1777910361.0], [1777910363.0, 1777910364.0], [1777910369.0, 1777910370.0], [1777910371.0, 1777910372.0], [1777910374.0, 1777910375.0], [1777910386.0, 1777910387.0], [1777910394.0, 1777910394.0]]",1777910518
